,CHIR,control,seed,cTnT,expID,wellNum,DN_HistogramMode_5,DN_HistogramMode_10,CO_f1ecac,CO_FirstMin_ac,CO_HistogramAMI_even_2_5,CO_trev_1_num,MD_hrv_classic_pnn40,SB_BinaryStats_mean_longstretch1,SB_TransitionMatrix_3ac_sumdiagcov,PD_PeriodicityWang_th0_01,CO_Embed2_Dist_tau_d_expfit_meandiff,IN_AutoMutualInfoStats_40_gaussian_fmmi,FC_LocalSimple_mean1_tauresrat,DN_OutlierInclude_p_001_mdrmd,DN_OutlierInclude_n_001_mdrmd,SP_Summaries_welch_rect_area_5_1,SB_BinaryStats_diff_longstretch0,SB_MotifThree_quantile_hh,SC_FluctAnal_2_rsrangefit_50_1_logi_prop_r1,SC_FluctAnal_2_dfa_50_1_2_logi_prop_r1,SP_Summaries_welch_rect_centroid,FC_LocalSimple_mean3_stderr
0,0.0,1,,0.0,8,H10,-0.5585952881159311,-0.09223926796761983,6.0,13.0,0.40004119011465844,-0.07770105584490611,0.32978723404255317,45.0,0.006850502948317726,21.0,0.21870097102049324,8.0,0.5555555555555556,-0.8601769911504424,-0.9557522123893806,0.974113298994165,35.0,1.6612214199047672,0.5217391304347826,0.2826086956521739,0.19021361769783204,0.43732612451422537
1,5.0,0,,0.461402149,8,G10,0.060016517257120316,0.43131268656526567,9.0,18.0,0.5566179276310377,-0.04759067167869513,0.3723404255319149,94.0,0.0052035506580961136,84.0,0.36951892206203596,16.0,0.17647058823529413,-0.26017699115044246,-0.3221238938053097,0.9607788119450092,42.0,1.550601886923895,0.34782608695652173,0.43478260869565216,0.09203884727314453,0.4333755768808468
2,5.0,0,,0.195135581,8,F10,0.3640039376912956,-0.02652800075539874,12.0,33.0,0.5262255925595204,-0.03645866397350158,0.2854609929078014,46.0,0.010848126232741619,149.0,0.407407021034218,20.0,0.19047619047619047,-0.19999999999999996,-0.32389380530973455,0.9783175059802638,36.0,1.6867223310784636,0.5869565217391305,0.8260869565217391,0.08590292412160157,0.3367891343004176
3,5.0,0,,0.126083119,8,E10,0.2554602149858576,-0.11777267589160623,15.0,40.0,0.38001017177922214,-0.005677926881550166,0.2127659574468085,51.0,0.01859504132231405,164.0,0.6009436142258483,24.0,0.44,-0.18230088495575225,-0.29380530973451324,0.9858945012624765,34.0,1.8909104767218943,0.6086956521739131,0.8260869565217391,0.07363107781851563,0.2771574155429577
4,5.0,0,,0.016700834,8,D10,-0.6650275217601104,-0.30132685489365874,17.0,41.0,0.42043159466821833,-0.012070279212647327,0.2375886524822695,49.0,0.008073817762399078,152.0,0.5225717770656784,32.0,0.12121212121212122,0.41946902654867246,-0.30265486725663715,0.9801404502263448,37.0,1.8531031094476615,0.717391304347826,0.8260869565217391,0.06749515466697266,0.3238893197607324
5,5.0,0,,0.157329249,8,C10,0.18642524796981186,-0.20191311290939162,13.0,33.0,0.4012384916537707,-0.01892997506111662,0.2624113475177305,42.0,0.0055272108843537416,168.0,0.4186683226733699,19.0,0.2,-0.19469026548672563,-0.2920353982300885,0.9771860351512595,29.0,1.961477421259276,0.5869565217391305,0.8260869565217391,0.08590292412160157,0.3419703679801127
6,5.0,0,,0.220667584,8,B10,0.46915785344860716,0.08456924376522923,14.0,42.0,0.4587017190392815,-0.01631909125198675,0.2712765957446808,52.0,0.028624192059095104,168.0,0.46309374980974094,27.0,0.2413793103448276,-0.21238938053097345,0.11061946902654873,0.9813169078674256,45.0,1.7106900889832704,0.32608695652173914,0.8695652173913043,0.07363107781851563,0.3236811530552567
7,5.0,0,,0.425127631,8,A10,0.4509017908830486,-0.01417502164747897,6.0,28.0,0.3870923307489111,-0.1818547328897033,0.3421985815602837,113.0,0.0042852770125497396,45.0,0.19861601166136167,16.0,0.17647058823529413,0.3787610619469026,-0.37168141592920356,0.8773706901758931,26.0,1.7066841920603653,0.5,0.15217391304347827,0.15339807878857423,0.6308972731644455
8,12.0,0,,0.00165005,8,H9,0.13565814101180051,-0.18811031189821215,31.0,88.0,0.5811781135466647,-0.01442861155763577,0.3102836879432624,84.0,0.013333333333333336,174.0,0.5244457932552133,40.0,0.057692307692307696,-0.1805309734513274,0.13628318584070787,0.9794872017206046,57.0,1.6306444602740215,0.8695652173913043,0.8695652173913043,0.03681553890925782,0.31641210666065334
9,12.0,0,,0.000913176,8,G9,-0.4021218326834912,-0.07755479760006478,20.0,45.0,0.5043258104352126,-0.006456860594683419,0.25886524822695034,59.0,0.011534025374855827,164.0,0.8862112036660347,30.0,0.15625,-0.18584070796460173,0.25132743362831866,0.9915832969471863,43.0,1.5838380187457521,0.6739130434782609,0.8695652173913043,0.05522330836388672,0.24199391096173395
10,12.0,0,,0.000348921,8,F9,0.4705827524853734,0.009128514062098692,7.0,27.0,0.39894586837164736,-0.08878839681323562,0.34574468085106386,112.0,0.011446409989594173,93.0,0.28549822753258586,17.0,0.16666666666666666,-0.2743362831858407,0.2495575221238937,0.9336093570966987,33.0,1.790674782216042,0.5434782608695652,0.41304347826086957,0.13499030933394532,0.5411602503212398
11,12.0,0,,0.000326466,8,E9,-0.4267820568263908,-0.12002021729815149,20.0,56.0,0.4758818248796063,-0.007362702126161214,0.22163120567375885,60.0,0.011851851851851853,178.0,0.567992164029395,35.0,0.08333333333333333,-0.19999999999999996,-0.29911504424778756,0.9827233884875657,53.0,1.9128893342409055,0.41304347826086957,0.8260869565217391,0.04908738521234375,0.2600146350609731
12,12.0,0,,0.000193319,8,D9,-0.7020869925004986,-0.3679080195678881,16.0,48.0,0.4912488460661393,-0.0069392131525967,0.26595744680851063,56.0,0.04801477377654662,173.0,0.5117048597252243,28.0,0.10344827586206896,-0.1893805309734513,0.06194690265486735,0.9823029297853978,48.0,1.756366281289301,0.45652173913043476,0.8260869565217391,0.06749515466697266,0.27896961119171454
13,12.0,0,,0.000318835,8,C9,-0.3852788584473157,-0.08102084849765323,16.0,41.0,0.461328142562692,-0.005791913979826132,0.2553191489361702,50.0,0.003779289493575207,178.0,0.5440449678848133,24.0,0.11538461538461539,-0.1929203539823009,0.03362831858407089,0.9833018372924939,49.0,1.7696340600752436,0.5652173913043478,0.5,0.06749515466697266,0.2699977956024278
14,12.0,0,,0.000324098,8,B9,-0.19304214816793974,-0.4580515816440266,26.0,74.0,0.49575032396799434,-0.002569555320620651,0.24468085106382978,73.0,0.018518518518518517,180.0,0.7124547096261651,40.0,0.06521739130434782,-0.19646017699115048,0.07964601769911495,0.9851433858062031,61.0,1.692520501881094,0.8043478260869565,0.8260869565217391,0.03681553890925782,0.21426487966308505
15,12.0,0,,0.000733804,8,A9,-0.3986758346482916,-0.16310010029902933,39.0,123.0,0.8157956879181002,-0.001928179554305066,0.274822695035461,101.0,0.020833333333333336,174.0,1.0627777406048429,40.0,0.04411764705882353,-0.16991150442477876,-0.8725663716814159,0.9903454182620138,81.0,1.4636411061028753,0.8043478260869565,0.8478260869565217,0.024543692606171875,0.15590857379988254
16,5.0,0,,0.098376018,8,H4,0.0065861411424150695,-0.5365056316534615,4.0,8.0,0.2420661876255991,-0.13263546463168774,0.4946808510638298,26.0,0.0023118622448979583,13.0,0.18508315094422803,4.0,0.6,0.32389380530973444,0.29380530973451324,0.9137724808553418,20.0,1.8111866325921708,0.1956521739130435,0.13043478260869565,0.34361169648640627,0.732965204882263
17,5.0,0,,0.157411348,8,G4,0.35510815453776035,-0.16207777992056727,4.0,8.0,0.256779584604526,-0.03552483669077811,0.44148936170212766,121.0,0.007356269805341785,37.0,0.20813461472759165,4.0,0.5,-0.2778761061946903,-0.3132743362831858,0.8872583155699405,18.0,1.869718339470991,0.2826086956521739,0.2826086956521739,0.3190680038802344,0.7122882199020467
18,5.0,0,,0.147253086,8,F4,-0.28202761935476617,0.01645228551038691,22.0,52.0,0.5851881034310069,-0.000827351456965359,0.274822695035461,61.0,0.008230452674897118,165.0,1.4753436588837692,30.0,0.7419354838709677,-0.14867256637168147,0.02831858407079646,0.9960626618921733,53.0,1.5998271694028847,0.6739130434782609,0.5652173913043478,0.05522330836388672,0.15835342462983307
19,5.0,0,,0.224233892,8,E4,-0.6482124182796151,-0.31606905234889626,19.0,47.0,0.5029184355506016,-0.0022081121397650918,0.2783687943262411,57.0,0.011666666666666665,90.0,1.0097957883231974,26.0,0.5925925925925926,-0.14867256637168147,-0.005309734513274322,0.993308184356059,48.0,1.6040463501813562,0.6739130434782609,0.5,0.061359231515429685,0.20092675961711348
20,5.0,0,,0.068177528,8,D4,-0.8483513627743497,-0.4831362198545075,18.0,41.0,0.4539042400812664,-0.004352131033238543,0.23581560283687944,54.0,0.003779289493575207,154.0,0.827007873241028,25.0,0.6153846153846154,-0.16460176991150444,-0.28938053097345134,0.9931359509414353,38.0,1.731946212701148,0.6086956521739131,0.30434782608695654,0.06749515466697266,0.21410175036500798
21,5.0,0,,0.240878589,8,C4,-0.04802285225015113,-0.3579408551673725,20.0,52.0,0.4853455395617477,-0.0012954039245408242,0.26595744680851063,54.0,0.0205761316872428,176.0,0.7978693117921355,30.0,0.3870967741935484,-0.21415929203539819,-0.024778761061946875,0.9904979164401255,59.0,1.8236335689421643,0.717391304347826,0.8478260869565217,0.05522330836388672,0.21669125772965495
22,5.0,0,,0.212627144,8,B4,-0.6774619527371644,-0.3248904952660907,17.0,40.0,0.48561340763541616,-0.003691826746262639,0.2624113475177305,49.0,0.005671077504725898,83.0,0.8140981001287335,22.0,0.75,-0.17345132743362834,-0.04424778761061943,0.9926408498729081,43.0,1.7925383778494126,0.6086956521739131,0.30434782608695654,0.07363107781851563,0.21654324978190023
23,5.0,0,,0.297912141,8,A4,-0.6759055382058574,-0.3597239260568499,23.0,60.0,0.4826512535294083,-0.008323038890303752,0.2429078014184397,65.0,0.01183431952662722,170.0,0.5271503753884095,40.0,0.06976744186046512,-0.19646017699115048,0.07787610619469021,0.9841502054125014,56.0,1.7418357335163526,0.17391304347826086,0.8695652173913043,0.04908738521234375,0.2652857287062403
24,12.0,0,,0.0003455,8,H3,0.3201598960943284,-0.30626126961985634,3.0,6.0,0.2266425013581379,-0.4201946840497954,0.5921985815602837,40.0,0.0009013881377321074,33.0,0.11289016466885614,5.0,0.15384615384615385,0.3380530973451328,0.29380530973451324,0.771689411472341,20.0,1.896948269844211,0.45652173913043476,0.30434782608695654,0.30679615757714845,0.8024123703626994
25,12.0,0,,0.000725647,8,G3,-0.8405748912934309,-0.5270037343442546,27.0,68.0,0.5965290185964929,-0.01902518877396605,0.3351063829787234,72.0,0.0462962962962963,178.0,0.35621037309808073,40.0,0.06521739130434782,-0.18584070796460173,-0.31504424778761064,0.9536483684218625,54.0,1.5852777464054864,0.15217391304347827,0.8695652173913043,0.042951462060800784,0.3389625914877084
26,12.0,0,,0.000662757,8,F3,-0.7753242115595168,-0.5418783604493396,40.0,108.0,0.8552610688080915,-0.005881883822478384,0.2783687943262411,118.0,0.024691358024691357,181.0,0.6901586802726368,40.0,0.04838709677419355,-0.09911504424778761,0.2442477876106195,0.9870702798911173,111.0,1.4798685550498152,0.13043478260869565,0.8478260869565217,0.024543692606171875,0.19092529083869525
27,12.0,0,,0.000439353,8,E3,-0.44417467753266493,-0.1734334316056012,34.0,120.0,0.6391578535854737,-0.002954523672166435,0.2765957446808511,88.0,0.037037037037037035,177.0,0.9956680153079569,40.0,0.07017543859649122,-0.17522123893805308,0.24247787610619476,0.9915455553277248,71.0,1.4820237033364143,0.8043478260869565,0.8695652173913043,0.030679615757714843,0.18719998074218866
28,12.0,0,,0.000390233,8,D3,0.394452918105306,0.11710809087191465,30.0,72.0,0.5556340257141619,-0.009873000612120984,0.28368794326241137,182.0,0.013774104683195594,187.0,0.535899437806607,40.0,0.06,-0.5256637168141594,0.2106194690265486,0.9839103684502427,59.0,1.4345021759380958,0.8695652173913043,0.21739130434782608,0.03681553890925782,0.2422185723015171
29,12.0,0,,0.000694509,8,C3,-0.7181307901446534,-0.4059288042423762,20.0,58.0,0.5951905970569504,-0.0051462509428649925,0.25886524822695034,61.0,0.010416666666666668,173.0,0.622620266427706,33.0,0.11764705882352941,0.42831858407079637,-0.2884955752212389,0.9860771532050724,49.0,1.7691915177109079,0.6739130434782609,0.4782608695652174,0.04908738521234375,0.2502068680724836
30,12.0,0,,0.000481455,8,B3,-0.24141777330450542,-0.5359763438079642,27.0,88.0,0.40749370365259063,-0.00354067866694014,0.21808510638297873,66.0,0.018518518518518517,187.0,0.833349666698621,40.0,0.06666666666666667,-0.21415929203539819,0.09380530973451329,0.9855900777566401,53.0,1.5824746137968044,0.782608695652174,0.8695652173913043,0.03681553890925782,0.23313258021912905
31,12.0,0,,0.000805377,8,A3,0.27884583665418683,-0.14326996865145114,8.0,18.0,0.45151712965445273,-0.025187952356198723,0.31382978723404253,170.0,0.007997585634525427,36.0,0.47902160646030295,11.0,0.5,0.3309734513274336,0.2495575221238937,0.9898901995096248,40.0,1.5939781636365373,0.3695652173913043,0.1956521739130435,0.15339807878857423,0.378723608041097
32,9.0,0,35.0,0.001220096,5,E9,-0.4236175392875303,-0.042642575458089915,10.0,26.0,0.46610095287687925,-0.08226284670262485,0.3900709219858156,41.0,0.014568158168574402,111.0,0.26995044751107633,16.0,0.16666666666666666,-0.184070796460177,-0.3097345132743363,0.9460326457809684,35.0,1.566566184908456,0.45652173913043476,0.6521739130434783,0.11658253987931641,0.4636383771676181
33,9.0,0,35.0,0.000181061,5,E10,-0.4849062144838072,-0.05177888509480111,6.0,10.0,0.3969623759327701,-0.12349857811024212,0.42021276595744683,49.0,0.02494331065759637,13.0,0.24823395551515123,9.0,0.11538461538461539,0.35044247787610616,0.21592920353982303,0.9310060365514156,35.0,1.833333731210986,0.21739130434782608,0.8043478260869565,0.11044661672777344,0.5626432324579306
34,8.0,0,35.0,0.000743072,5,D9,-0.36902081269450493,0.02525853572886816,8.0,44.0,0.48616062796238835,-0.05335358449935089,0.37056737588652483,50.0,0.009233610341643581,157.0,0.3418625812957583,27.0,0.10344827586206896,-0.19115044247787616,-0.32389380530973455,0.9615872303293598,34.0,1.7303281930278251,0.13043478260869565,0.8260869565217391,0.08590292412160157,0.46554468015625233
35,8.0,0,35.0,0.000334849,5,D10,0.10580527697495645,-0.3376044597560397,5.0,14.0,0.3664917207350607,-0.08473585560393421,0.49822695035460995,29.0,0.004249046132500868,29.0,0.2704509138637219,8.0,0.3333333333333333,0.2707964601769912,-0.31858407079646023,0.9418910987858408,21.0,1.6897375561933647,0.30434782608695654,0.34782608695652173,0.20862138715246095,0.5652870398301495
36,7.0,0,35.0,0.000238776,5,C9,-0.11967208685348973,-0.46943386939113196,13.0,38.0,0.5310321469734525,-0.04028079458640642,0.37056737588652483,43.0,0.027199074074074073,174.0,0.3599234124721175,22.0,0.17391304347826086,0.31858407079646023,-0.3194690265486726,0.9710054786199481,38.0,1.5432390483516898,0.6739130434782609,0.5869565217391305,0.09203884727314453,0.4092139080076897
37,7.0,0,35.0,0.000275551,5,C10,0.26541739718316704,-0.1593447271644588,12.0,6.0,0.3247919951796092,-0.14231739505447222,0.3900709219858156,39.0,0.005548949663099485,7.0,0.1805923149070885,5.0,0.15789473684210525,0.3398230088495575,-0.3610619469026549,0.8612873919341407,29.0,1.8769032860095056,0.717391304347826,0.3695652173913043,0.11658253987931641,0.6254964643093631
38,6.0,0,35.0,0.000620517,5,B9,0.45269441725862114,0.07462374384138215,13.0,34.0,0.3977109101683994,-0.05219607486602591,0.34574468085106386,40.0,0.008680555555555556,163.0,0.28682293505031287,21.0,0.13043478260869565,0.34513274336283195,-0.36283185840707965,0.9220922630174427,32.0,1.7547732940485035,0.717391304347826,0.391304347826087,0.09203884727314453,0.4925022699673007
39,6.0,0,35.0,0.001457992,5,B10,-0.1670358176941884,-0.4583093672795451,25.0,63.0,0.4794560996791616,-0.00500806354554851,0.26595744680851063,66.0,0.020408163265306117,172.0,0.6676312251251553,40.0,0.075,-0.22477876106194694,0.07433628318584073,0.9834626848974666,51.0,1.722188116443959,0.782608695652174,0.8478260869565217,0.042951462060800784,0.2245483333067161
40,5.0,0,35.0,0.0001193,5,A9,-0.3930127487989485,-0.6419334603723958,23.0,86.0,0.5745451168610738,-0.004123984579127469,0.2641843971631206,71.0,0.01777777777777778,173.0,0.8454147119244548,35.0,0.08108108108108109,0.3557522123893806,-0.0902654867256637,0.9888325471171029,59.0,1.6655054427657028,0.717391304347826,0.5869565217391305,0.042951462060800784,0.21426305066305015
41,5.0,0,35.0,8.17e-05,5,A10,-0.4794228653845466,-0.10278139722607604,11.0,27.0,0.4600433568041259,-0.014927878282222857,0.2624113475177305,49.0,0.003537414965986394,115.0,0.4933180324365228,15.0,0.25,-0.25132743362831855,-0.14513274336283188,0.97955944750343,34.0,1.8537039929459476,0.45652173913043476,0.5,0.10431069357623048,0.3426991698997888
42,12.0,0,35.0,0.034564482,5,H9,-0.7245040345285259,-0.2045473836957381,5.0,9.0,0.279847017284401,-0.10908703224391314,0.7145390070921985,33.0,0.007891156462585034,31.0,0.21700020429130149,7.0,0.375,0.35398230088495586,0.2831858407079646,0.9272236108208805,25.0,1.6398965800892131,0.34782608695652173,0.13043478260869565,0.2147573103040039,0.6331734784488745
43,12.0,0,35.0,0.058032762,5,H10,-0.6400119415692314,-0.008774097911807832,3.0,9.0,0.10810308170175682,-0.18533440822593114,0.7730496453900709,13.0,0.004610767399359524,14.0,0.11264146944126352,3.0,0.5,0.3044247787610619,-0.327433628318584,0.7270271188192482,9.0,1.9433160325788505,0.13043478260869565,0.8260869565217391,0.4111068511533789,0.9107291579157689
44,11.0,0,35.0,0.01286872,5,G9,-0.1709213984441531,0.2882441358680383,4.0,22.0,0.29897791720887706,-0.09613219581573651,0.49822695035460995,137.0,0.021249999999999998,56.0,0.19653313933195196,12.0,0.21428571428571427,-0.1504424778761062,-0.05840707964601766,0.825673525318421,26.0,1.7294015528561786,0.5652173913043478,0.45652173913043476,0.1779417713947461,0.699910460788651
45,11.0,0,35.0,0.032379254,5,G10,-0.2683040651073374,0.2601339412921315,3.0,7.0,0.24121098490409382,-0.039306427145468364,0.524822695035461,19.0,0.00988520408163265,12.0,0.15353219072354415,3.0,0.6,-0.304424778761062,0.23362831858407085,0.8585610979009619,20.0,1.856355899641171,0.13043478260869565,0.2608695652173913,0.39269908169875,0.7892658983672447
46,10.0,0,35.0,0.016119376,5,F9,-0.1337413591502039,0.31208996363410213,4.0,24.0,0.3384661637619135,-0.1703655476221471,0.45567375886524825,25.0,0.0012071827372868561,76.0,0.17672200350246983,11.0,0.25,0.23362831858407085,-0.3557522123893805,0.8485232306297631,38.0,1.8286113970264353,0.5,0.21739130434782608,0.22089323345554687,0.6908175276852618
47,10.0,0,35.0,0.000866683,5,F10,-0.24802760759796927,0.15167890922551974,6.0,14.0,0.4297930551790118,-0.06243550719631919,0.4574468085106383,47.0,0.014097142124823787,68.0,0.2784689860659702,9.0,0.2727272727272727,-0.23362831858407085,0.21592920353982303,0.9490901354596479,37.0,1.752638912318944,0.30434782608695654,0.391304347826087,0.1779417713947461,0.5132197497679567
48,9.0,0,20.0,0.030996397,5,E3,-0.9007150153290016,-0.5268940369899424,21.0,51.0,0.4841290828389618,-0.013460977588127723,0.34397163120567376,56.0,0.014322916666666666,162.0,0.4193606100321163,34.0,0.08571428571428572,-0.23628318584070795,-0.327433628318584,0.966228924132103,45.0,1.616083015399688,0.782608695652174,0.8695652173913043,0.04908738521234375,0.3357111780413237
49,9.0,0,20.0,0.000894221,5,E4,0.2149854417738124,-0.08783201394335283,23.0,63.0,0.5651074747458191,-0.024716002929023612,0.3280141843971631,76.0,0.02551020408163265,165.0,0.36917922609301024,36.0,0.07894736842105263,-0.2106194690265487,0.19823008849557522,0.9596728416229692,69.0,1.598538222789157,0.782608695652174,0.8260869565217391,0.042951462060800784,0.34650082913151065
50,8.0,0,20.0,0.045187005,5,D3,-0.42948346467668586,-0.6857750202523811,27.0,67.0,0.6293905555516265,-0.0024907279133682477,0.30141843971631205,72.0,0.01775147928994083,172.0,0.9078889680234365,40.0,0.07317073170731707,-0.16991150442477876,0.0814159292035399,0.9886818738562212,60.0,1.5475447034551548,0.782608695652174,0.8260869565217391,0.03681553890925782,0.20094172634424845
51,8.0,0,20.0,0.000331682,5,D4,-0.8530276842096786,-0.5900061814238033,26.0,64.0,0.6785132455355356,-0.011341501158255751,0.3333333333333333,65.0,0.025510204081632647,172.0,0.506295845991901,37.0,0.07692307692307693,-0.14513274336283188,0.001769911504424737,0.9822645298420718,58.0,1.6106218807962245,0.7608695652173914,0.6086956521739131,0.03681553890925782,0.23484620971646117
52,7.0,0,20.0,0.004423595,5,C3,-0.3497546751671864,-0.6164264287867641,30.0,79.0,0.584552357216978,-0.002565315650417367,0.274822695035461,77.0,0.0303030303030303,172.0,0.8904419262210904,40.0,0.0625,-0.19469026548672563,0.06283185840707972,0.9887094327528073,61.0,1.5814157972401537,0.8043478260869565,0.8260869565217391,0.03681553890925782,0.19502348565001662
53,7.0,0,20.0,0.000118596,5,C4,-0.5256198669413901,-0.17766494176076297,15.0,37.0,0.516818577992827,-0.01807578238122524,0.2925531914893617,45.0,0.0026666666666666666,172.0,0.40788817854136605,21.0,0.13636363636363635,0.34513274336283195,0.4548672566371681,0.958910858432723,40.0,1.689811541525218,0.6521739130434783,0.45652173913043476,0.07363107781851563,0.35348582920320165
54,6.0,0,20.0,0.000240535,5,B4,-0.49973752537847094,-0.21419160752531297,30.0,71.0,0.4899759498539302,-0.010557766739507842,0.2570921985815603,74.0,0.0303030303030303,172.0,0.5642275112835465,40.0,0.0625,-0.19380530973451326,0.2106194690265486,0.9838615481090153,66.0,1.493733432893479,0.8043478260869565,0.8695652173913043,0.03681553890925782,0.23785121157118735
55,6.0,0,20.0,0.00210112,5,B3,0.09253580106389103,-0.19075026295057773,24.0,61.0,0.5957505309305006,-0.0149672684748314,0.36879432624113473,66.0,0.005102040816326529,163.0,0.549144469365001,37.0,0.07894736842105263,-0.14513274336283188,0.030088495575221197,0.9711980128337742,49.0,1.638497515001814,0.8043478260869565,0.8260869565217391,0.042951462060800784,0.3011946523961935
56,5.0,0,20.0,0.000415614,5,A4,0.5154383530969855,0.1043361045736515,13.0,29.0,0.37150339231288404,-0.044544631238802763,0.37943262411347517,38.0,0.028486394557823126,120.0,0.27354795635019,18.0,0.1,-0.2584070796460177,0.24247787610619476,0.9306301434901968,31.0,1.6816286619409406,0.6086956521739131,0.17391304347826086,0.0981747704246875,0.4451081146701973
57,5.0,0,20.0,0.000312678,5,A3,-0.7223399440922157,-0.4101761539162545,19.0,48.0,0.5191521273881711,-0.011742507056864531,0.30141843971631205,51.0,0.005144032921810699,164.0,0.565162666799421,28.0,0.1,0.315929203539823,-0.3256637168141593,0.973564945492706,41.0,1.768840995367034,0.717391304347826,0.5869565217391305,0.05522330836388672,0.29989151387699364
58,12.0,0,20.0,0.246278457,5,H3,-0.1969207520946914,0.2473223691017239,4.0,5.0,0.30235774640681,-0.06299366552001055,0.6046099290780141,23.0,0.003470650369699713,38.0,0.15848126456790537,4.0,0.16666666666666666,0.3061946902654866,-0.06194690265486724,0.7746114971047654,25.0,1.8098902131091403,0.17391304347826086,0.34782608695652173,0.19021361769783204,0.759268275241747
59,12.0,0,20.0,0.173938251,5,H4,0.2772751354511367,-0.08734278585926059,23.0,53.0,0.42387291900304547,-0.047251800422291254,0.42021276595744683,63.0,0.0044444444444444444,160.0,0.301103334433932,35.0,0.08333333333333333,-0.22831858407079642,-0.3292035398230089,0.9659488912687024,46.0,1.7341504038689535,0.8043478260869565,0.8695652173913043,0.04908738521234375,0.3732084253915537
60,11.0,0,20.0,0.105090029,5,G4,-0.31872676750833073,0.10110786108306868,14.0,44.0,0.34352067660473096,-0.07929634925581429,0.34397163120567376,51.0,0.008230452674897118,145.0,0.2306156106254771,29.0,0.1,0.3486725663716814,-0.03362831858407078,0.925202723961886,38.0,1.655694505602951,0.717391304347826,0.8260869565217391,0.07363107781851563,0.46034231958102556
61,11.0,0,20.0,0.149939193,5,G3,0.12384195399611353,-0.33669408269484946,12.0,35.0,0.2720101055500466,-0.12034811630007046,0.5159574468085106,40.0,0.004930966469428009,100.0,0.19052389253942123,19.0,0.09523809523809523,-0.26902654867256637,-0.36283185840707965,0.9015922048321211,37.0,1.717136031149125,0.782608695652174,0.45652173913043476,0.0981747704246875,0.5347462864997417
62,10.0,0,20.0,0.189664712,5,F3,-0.556570932922242,-0.259783144644387,22.0,55.0,0.5845580137224733,-0.009081828556295798,0.31560283687943264,57.0,0.018229166666666668,173.0,0.5373278504391414,34.0,0.08571428571428572,-0.19999999999999996,0.23539823008849559,0.9780754443452248,48.0,1.659033062095028,0.717391304347826,0.8260869565217391,0.042951462060800784,0.26151093059735775
63,10.0,0,20.0,0.043080254,5,F4,-0.2229611315971347,0.2655620592144956,11.0,38.0,0.370784397789312,-0.2117076241953509,0.4769503546099291,59.0,0.017066666666666667,63.0,0.16152445008761274,21.0,0.09090909090909091,-0.26725663716814163,-0.3823008849557522,0.8809301072159191,34.0,1.6860062693319977,0.7608695652173914,0.5869565217391305,0.0981747704246875,0.5718760309661206
64,0.0,1,0.0,0.0,2,H10,-0.375139689831252,0.14111809628243854,6.0,14.0,0.2719466705575082,-0.03638971735532483,0.26773049645390073,182.0,0.007891085674644468,27.0,0.3795252275905984,7.0,0.5555555555555556,0.33628318584070804,0.3646017699115045,0.9753980242133146,21.0,1.6550763797578538,0.3695652173913043,0.1956521739130435,0.20862138715246095,0.48234613230536183
65,,0,35.0,0.289428989,2,A10,0.6379881972367558,0.19191795853059013,3.0,7.0,0.14647266729946118,-0.024089898318796172,0.7730496453900709,13.0,0.011199973173716949,15.0,0.2206017620666624,3.0,0.75,-0.06902654867256641,-0.03716814159292037,0.8354126419492109,12.0,1.8889515673023345,0.1956521739130435,0.21739130434782608,0.4111068511533789,0.8452415758278399
66,,0,35.0,0.1165716,2,C10,0.41964833402656554,0.015385903810871238,17.0,40.0,0.37515024101225675,-0.02811058617902645,0.35106382978723405,47.0,0.02031394275161588,171.0,0.4006619651922409,28.0,0.10344827586206896,-0.22654867256637168,0.2831858407079646,0.9648318535687749,33.0,1.80595095269446,0.6739130434782609,0.8695652173913043,0.06749515466697266,0.36748500973008114
67,,0,35.0,0.130295961,2,G10,0.31486343889406765,-0.2137311333888139,4.0,9.0,0.2101222768560778,-0.2169145786878888,0.5159574468085106,17.0,0.008370535714285716,17.0,0.17439731397360872,4.0,0.6,-0.27610619469026554,-0.363716814159292,0.9162930667364717,15.0,1.9229943301796535,0.2608695652173913,0.13043478260869565,0.34361169648640627,0.7333764595427351
68,,0,35.0,0.07247205,2,F10,0.3749610233686358,-0.19792375140922225,4.0,8.0,0.1601097798667256,-0.06641203432841092,0.5390070921985816,22.0,0.007174744897959185,16.0,0.2068019345403171,4.0,0.8,-0.31504424778761064,-0.3433628318584071,0.9305790815542362,17.0,1.8223748906619677,0.2826086956521739,0.13043478260869565,0.3497476196379492,0.7310562334827646
69,,0,35.0,0.095457709,2,E10,-0.04544625174119021,-0.40268528023861316,17.0,51.0,0.41018546015070145,-0.014615815541951805,0.4379432624113475,60.0,0.01775147928994083,167.0,0.4665181744576634,40.0,0.07142857142857142,-0.20353982300884954,0.28672566371681407,0.9668855729375235,45.0,1.7791146307343082,0.1956521739130435,0.8695652173913043,0.06749515466697266,0.3892236224073757
70,,0,35.0,0.099465458,2,B10,0.34243335046281675,-0.25408882899998364,3.0,6.0,0.18953095427434424,-0.07738332936473867,0.5957446808510638,21.0,0.006138392857142859,11.0,0.13165410424347532,3.0,0.6,0.37168141592920345,-0.32389380530973455,0.8108393120316446,20.0,1.856484716156325,0.13043478260869565,0.8260869565217391,0.4111068511533789,0.8368630131097693
71,,0,35.0,0.008579408,2,D10,-0.1959605763635115,0.3928968874807266,3.0,6.0,0.16529669838857922,-0.28275147628171426,0.6436170212765957,18.0,0.011350871015877806,17.0,0.13945878577796694,3.0,0.75,-0.27610619469026554,0.031858407079645934,0.7669272494010828,15.0,1.801806255598363,0.17391304347826086,0.13043478260869565,0.42337869745646484,0.8686085959001323
72,,0,30.0,0.209937622,2,H9,0.4272292623167777,0.022290325200503336,3.0,11.0,0.21444316927536122,-0.043984833765728766,0.8794326241134752,16.0,0.01259566326530612,29.0,0.22087873018388757,4.0,0.6,-0.26725663716814163,-0.01415929203539823,0.8056746604189172,15.0,1.8443574546928734,0.30434782608695654,0.15217391304347827,0.3313398501833203,0.8071461359884197
73,,0,30.0,0.182116739,2,G9,0.0020876353737486752,0.5175578181073566,5.0,9.0,0.2463298640981968,0.0016489827605089174,0.725177304964539,28.0,0.010833333333333335,38.0,0.2958802832325919,5.0,0.5714285714285714,-0.3247787610619469,0.29026548672566377,0.9633467271475938,17.0,1.749314016903016,0.1956521739130435,0.13043478260869565,0.26384469551634765,0.5949224551397719
74,,0,30.0,0.223986178,2,A9,-0.10443827380600013,0.33345137206584097,4.0,7.0,0.3268219067522331,-0.10425029990130172,0.5549645390070922,37.0,0.010666666666666668,13.0,0.2643336752168961,6.0,0.13636363636363635,-0.25132743362831855,0.2796460176991151,0.9056103150395008,26.0,1.7657624977661694,0.1956521739130435,0.8695652173913043,0.29452431127406253,0.6623211247864753
75,,0,30.0,0.067111302,2,F9,-0.6002137964234171,-0.13397816398087592,8.0,24.0,0.24948426589582404,-0.004000579698043229,0.41843971631205673,159.0,0.005986394557823129,130.0,0.41117053304990797,15.0,0.1875,0.33628318584070804,-0.38761061946902653,0.9529846115624457,24.0,1.76096190801593,0.5652173913043478,0.8695652173913043,0.12885438618240236,0.4725428439773075
76,,0,30.0,0.046020387,2,E9,-0.777652650925837,-0.24954972110758566,4.0,18.0,0.2866448567459932,-0.05589055455853217,0.4379432624113475,98.0,0.0038095238095238095,54.0,0.23795563911683384,6.0,0.375,-0.279646017699115,-0.3646017699115044,0.8894131129259567,16.0,1.7959922287163435,0.32608695652173914,0.8260869565217391,0.24543692606171874,0.6813738669727155
77,,0,30.0,0.048061997,2,D9,-0.6244743500194425,-0.09504446970787628,3.0,5.0,0.1695513236720225,-0.006453823396130401,0.5354609929078015,15.0,0.0058179501366463805,28.0,0.14443214798637918,3.0,0.75,0.3309734513274336,-0.14867256637168147,0.7207430283132694,13.0,1.876784947801871,0.13043478260869565,0.8260869565217391,0.44792239006263673,0.8897380310406918
78,,0,30.0,0.043247573,2,C9,0.39775368172149195,-0.19731903725728372,3.0,7.0,0.19578703570341624,-0.14209127230956872,0.5425531914893617,19.0,0.010043089717150377,14.0,0.16826285522787982,3.0,0.75,-0.26902654867256637,-0.31150442477876106,0.8205208226078653,14.0,1.841444219112416,0.2826086956521739,0.13043478260869565,0.42337869745646484,0.8571764254881111
79,,0,30.0,0.078535374,2,B9,-0.24197228659738768,0.2324623982481988,4.0,7.0,0.24328386657659629,-0.08701452741365484,0.3900709219858156,32.0,0.01768990634755463,10.0,0.23664332597637133,6.0,0.16666666666666666,0.391150442477876,-0.33008849557522124,0.897079259772593,22.0,1.7074414000969287,0.2826086956521739,0.8260869565217391,0.2147573103040039,0.6501124761198397
80,,0,25.0,0.228967263,2,G4,0.8483858902689447,0.24879401854690464,3.0,6.0,0.1844957734668498,-0.09730461939511759,0.7659574468085106,17.0,0.01482152138557752,11.0,0.16616479988722122,3.0,0.75,-0.30619469026548674,0.053097345132743445,0.8250368580872253,15.0,1.8248179364316583,0.2608695652173913,0.17391304347826086,0.46633015951726564,0.8687739001172207
81,,0,25.0,0.211761943,2,D4,0.6465717174270522,0.3110803546872205,22.0,52.0,0.4047966833740068,-0.004154328974219628,0.37943262411347517,179.0,0.025510204081632647,173.0,0.4984417272988487,36.0,0.07894736842105263,0.07964601769911495,0.23539823008849559,0.9659204412098038,44.0,1.7077533575754962,0.8478260869565217,0.8043478260869565,0.04908738521234375,0.33979734625866775
82,,0,25.0,0.133069959,2,F4,0.1001367015271275,0.6095076286979326,4.0,5.0,0.3438507944533608,-0.14166963737700425,0.6737588652482269,93.0,0.004251700680272108,8.0,0.1867249584866992,4.0,0.15,-0.06902654867256641,-0.9486725663716814,0.8098499093089919,26.0,1.7090425719886588,0.717391304347826,0.43478260869565216,0.22089323345554687,0.7233398153135887
83,,0,25.0,0.100739478,2,E4,-0.16048815457254673,0.5492162975936541,3.0,5.0,0.12326003497881487,-0.018223047280572283,0.6187943262411347,21.0,0.009037104102744664,10.0,0.10090443288744526,2.0,0.75,-0.3008849557522124,-0.3221238938053097,0.6639039638689825,16.0,1.9482895150439217,0.13043478260869565,0.8260869565217391,0.5276893910326953,0.976059221358816
84,,0,25.0,0.055357091,2,C4,-0.44274093080205423,0.2213774904308603,3.0,5.0,0.19285051237265283,-0.2593870641747216,0.5212765957446809,50.0,0.009892191874989522,10.0,0.10790892605310105,3.0,0.75,-0.2867256637168142,0.2619469026548673,0.7195989830319929,30.0,1.818834449195264,0.13043478260869565,0.4782608695652174,0.48473792897189455,0.9012284592101473
85,,0,25.0,0.070968888,2,B4,0.030387262226042377,0.49645618150358883,3.0,5.0,0.2552160026049508,-0.023651951818275337,0.6542553191489362,34.0,0.007997585634525427,7.0,0.1684459580836526,4.0,0.25,-0.28495575221238933,0.28495575221238933,0.7543190869229103,22.0,1.791384002066504,0.5217391304347826,0.13043478260869565,0.2761165418194336,0.8082853099734654
86,,0,25.0,0.496826041,2,H4,-1.0219663408241186,-0.3891602618887071,3.0,7.0,0.19650291144748608,-0.15362649409187462,0.7322695035460993,21.0,0.012755102040816327,18.0,0.16606539218124095,3.0,0.6,0.3823008849557523,0.051327433628318486,0.8508857359864772,16.0,1.83356660470863,0.1956521739130435,0.8260869565217391,0.3620194659410352,0.7781344600536713
87,,0,25.0,0.543302927,2,A4,-0.832976998468346,-0.400109983178744,14.0,30.0,0.28241702484794795,-0.02462240683600596,0.5549645390070922,36.0,0.013866666666666668,174.0,0.3643966015810545,21.0,0.13636363636363635,-0.25486725663716814,0.22389380530973446,0.9535220464788665,30.0,1.8220567260539826,0.782608695652174,0.8695652173913043,0.08590292412160157,0.39955610202488795
88,,0,20.0,0.523900231,2,G3,-0.09016428966164991,0.38473539710883786,6.0,10.0,0.3245584179579613,-0.06878322316573951,0.6861702127659575,65.0,0.006463527239150507,43.0,0.3375250649241597,8.0,0.13793103448275862,0.3256637168141594,-0.8734513274336283,0.9480239105492798,20.0,1.8147754142926011,0.15217391304347827,0.8478260869565217,0.14726215563703127,0.5120318973610821
89,,0,20.0,0.504421251,2,F3,-0.47363696006265255,-0.1600105404809311,25.0,60.0,0.43396595427902585,-0.004688917326049655,0.4095744680851064,69.0,0.018518518518518517,176.0,0.7826060367041204,40.0,0.06818181818181818,-0.2053097345132744,-0.8601769911504424,0.9822368148283529,60.0,1.7189471867457182,0.8043478260869565,0.8695652173913043,0.042951462060800784,0.2802730570603617
90,,0,20.0,0.420884788,2,D3,0.7279725456470556,0.4367541039119278,28.0,74.0,0.5071525822933094,0.0024388183871738773,0.5053191489361702,181.0,0.0303030303030303,133.0,0.47328684613731387,40.0,0.04081632653061224,0.12743362831858418,-0.13097345132743365,0.9547038280263311,33.0,1.6781072293721557,0.8478260869565217,0.8695652173913043,0.042951462060800784,0.3520778452916641
91,,0,20.0,0.372330099,2,E3,0.2382843302998423,-0.31277143105720606,3.0,6.0,0.18354210463003545,-0.09579881169347024,0.6808510638297872,33.0,0.009540096909947521,11.0,0.14128377133296846,3.0,0.75,0.33274336283185835,0.29734513274336294,0.7530738489092081,24.0,1.7387195117217895,0.13043478260869565,0.13043478260869565,0.4356505437595508,0.8762904975093504
92,,0,20.0,0.19717018,2,B3,-0.26056326734037794,0.19917861923007063,6.0,30.0,0.29096073554418245,-0.08341335836582689,0.4148936170212766,37.0,0.006738010305192233,176.0,0.24928245981489536,18.0,0.15789473684210525,-0.24601769911504423,-0.001769911504424737,0.9020024776082076,31.0,1.7584133290352686,0.782608695652174,0.8695652173913043,0.13499030933394532,0.5883234658771858
93,,0,20.0,0.127165469,2,C3,0.3877663985425497,-0.04553726933727509,5.0,8.0,0.3025531569885738,-0.08072711190058449,0.524822695035461,72.0,0.010629251700680274,174.0,0.25779777877767424,7.0,0.15,-0.2884955752212389,0.2672566371681415,0.9016588534931462,29.0,1.7423901539937792,0.2826086956521739,0.13043478260869565,0.1779417713947461,0.6287747767115384
94,,0,20.0,0.537885721,2,A3,0.2718017125306713,-0.460735417213582,3.0,6.0,0.10781609500573153,-0.30371178454851266,0.8315602836879432,21.0,0.010294586120751806,12.0,0.13009864360355888,2.0,0.75,0.08672566371681412,0.2991150442477877,0.818418457575213,14.0,1.8746142139307556,0.1956521739130435,0.8695652173913043,0.46019423636572265,0.9008779352336088
95,,0,20.0,0.513636533,2,H3,-0.5901743608525529,-0.1913881267088906,3.0,8.0,0.1916274273043294,-0.05975230949565231,0.8581560283687943,16.0,0.007334183673469388,17.0,0.22573095722682548,3.0,0.6,-0.09911504424778761,-0.01415929203539823,0.8675018675969938,13.0,1.821033622062687,0.2608695652173913,0.15217391304347827,0.3620194659410352,0.7625138629938852
96,0.0,1,0.0,0.0,3,H10,-0.48671987572184294,-0.01818251328747822,7.0,18.0,0.335429355749414,-0.025070570227724118,0.35815602836879434,131.0,0.006271258503401362,37.0,0.5236972420597875,8.0,0.8,0.3345132743362831,0.368141592920354,0.9812685860619798,22.0,1.6153315659165128,0.43478260869565216,0.30434782608695654,0.16566992509166015,0.3828894443439242
97,0.0,1,0.0,0.0,3,A3,0.5889660053035009,0.1534374396511602,3.0,6.0,0.372728863005067,-0.007326673136704832,0.40070921985815605,108.0,0.012675382653061226,29.0,0.21053896026961627,4.0,0.6,-0.3699115044247787,-0.40530973451327434,0.7831773062446742,31.0,1.7188560528739698,0.5869565217391305,0.2608695652173913,0.3742913122441211,0.7978587220929507
98,9.0,0,30.0,0.0,3,D10,-0.013437909075913579,0.3195829821163567,20.0,69.0,0.37900904163873567,-0.0007435431757266028,0.23581560283687944,173.0,0.01777777777777778,178.0,0.6820793443697518,34.0,0.08333333333333333,-0.24336283185840707,0.2584070796460176,0.9832016213061706,41.0,1.5963641439187208,0.8260869565217391,0.8043478260869565,0.04908738521234375,0.24751732158605572
99,9.0,0,30.0,0.0,3,C10,-0.4811058001630657,-0.17330385806289195,21.0,52.0,0.6590397370343754,-0.01102732624023992,0.34574468085106386,59.0,0.014994232987312572,175.0,0.5546221894530386,31.0,0.09090909090909091,-0.18230088495575225,0.26371681415929205,0.9820305636114512,46.0,1.4876741908099214,0.6739130434782609,0.8260869565217391,0.061359231515429685,0.26508676609802206
100,9.0,0,25.0,0.018020011,3,D9,-0.29270472777169165,-0.5714089041565933,21.0,50.0,0.5758517502608501,-0.0036118921905438084,0.25354609929078015,57.0,0.004613610149942331,186.0,0.7799217406670189,30.0,0.09375,-0.18761061946902657,-0.032743362831858414,0.9863205477705389,45.0,1.6844683527103348,0.717391304347826,0.8260869565217391,0.04908738521234375,0.2208147109943308
101,9.0,0,25.0,0.0,3,C9,-0.30569087792379546,0.016899468281292185,17.0,44.0,0.6480153142675971,-0.013613249012494217,0.4078014184397163,52.0,0.004166666666666666,84.0,0.47001824643518425,26.0,0.10714285714285714,-0.18230088495575225,0.25398230088495577,0.9787362823666573,39.0,1.5291625605790637,0.6739130434782609,0.5,0.06749515466697266,0.3040640256259144
102,9.0,0,20.0,0.0,3,D4,0.48414995080551604,-0.0893498436138338,4.0,8.0,0.26568228295240276,-0.09317202079900425,0.3421985815602837,26.0,0.008503401360544218,12.0,0.1909395184113315,6.0,0.375,-0.279646017699115,-0.005309734513274322,0.917296999805396,27.0,1.8472477474242146,0.5652173913043478,0.15217391304347827,0.26384469551634765,0.6633280212742274
103,9.0,0,20.0,0.0,3,C4,-0.16820588576565942,0.36175913396619475,5.0,26.0,0.22695980596417312,-0.13864736111785844,0.374113475177305,149.0,0.00925170068027211,45.0,0.19320212023572145,15.0,0.1875,0.3283185840707965,0.295575221238938,0.8720215604821644,21.0,1.809493975885279,0.5434782608695652,0.8043478260869565,0.17180584824320314,0.655948867405008
104,9.0,0,15.0,0.0,3,D3,-0.22645895775517166,0.2592187760470823,9.0,22.0,0.41209250759939137,-0.022881222470012976,0.324468085106383,55.0,0.00618681152859514,41.0,0.5586146889185989,11.0,0.6666666666666666,0.295575221238938,0.35398230088495586,0.9951149514566625,37.0,1.5726551294180218,0.43478260869565216,0.32608695652173914,0.13499030933394532,0.3255209069775988
105,9.0,0,15.0,0.0,3,C3,-0.2847032267909346,0.20008065074058567,6.0,11.0,0.28074601757134776,-0.09367952645142355,0.29609929078014185,42.0,0.014994232987312572,19.0,0.23548188579219434,10.0,0.125,-0.2743362831858407,-0.41415929203539825,0.9502927036417462,36.0,1.799522915962892,0.17391304347826086,0.8260869565217391,0.1779417713947461,0.5080549835528855
106,7.0,0,30.0,0.09546166,3,B10,-0.8019710031113019,-0.2131048738208965,5.0,10.0,0.32998164086871434,-0.07906497064508743,0.46099290780141844,103.0,0.003945578231292516,85.0,0.2814263353063737,6.0,0.625,-0.23893805309734517,0.3557522123893806,0.9880132183623013,29.0,1.698109430826925,0.34782608695652173,0.17391304347826086,0.22702915660708986,0.5310020875320274
107,7.0,0,30.0,0.0,3,A10,0.21306032409418685,-0.27696147958393413,4.0,8.0,0.2398133874114192,-0.09811862061668368,0.723404255319149,43.0,0.010185604345857854,15.0,0.18046332808749546,4.0,0.5,-0.0035398230088495852,0.29380530973451324,0.8586642190857227,20.0,1.8154623061678312,0.30434782608695654,0.13043478260869565,0.3313398501833203,0.7439920336889022
108,7.0,0,25.0,0.017736895,3,B9,-1.0152592081636826,-0.6115436669782022,14.0,41.0,0.3157393300919811,-0.03931586353931137,0.4397163120567376,51.0,0.006463527239150507,141.0,0.37851100896263334,28.0,0.10344827586206896,0.4123893805309735,-0.29911504424778756,0.9473086055548163,39.0,1.704235951929663,0.717391304347826,0.8260869565217391,0.07363107781851563,0.41001839991862865
109,7.0,0,25.0,0.0,3,A9,-0.7042358287268815,-0.42319663626023196,22.0,51.0,0.5292289712088828,-0.008758234639465061,0.38652482269503546,57.0,0.018229166666666668,187.0,0.6056606918088034,32.0,0.08823529411764706,-0.1716814159292035,-0.024778761061946875,0.9775275146391287,46.0,1.661198629036476,0.782608695652174,0.8260869565217391,0.04908738521234375,0.2785040302593835
110,7.0,0,20.0,0.0,3,B4,-0.8099716687007678,-0.5433810918942461,25.0,72.0,0.8187448524311737,-0.0009615421966154409,0.28900709219858156,80.0,0.015306122448979591,172.0,1.3459635173616626,38.0,0.5641025641025641,0.4371681415929203,-0.2867256637168142,0.995225534516745,74.0,1.41732287662719,0.6739130434782609,0.5652173913043478,0.03681553890925782,0.15884842339067293
111,7.0,0,20.0,0.0,3,A4,0.11138733134800338,-0.4057327367627379,4.0,9.0,0.3083778225692658,-0.07365483554008201,0.45390070921985815,106.0,0.016296966953372568,18.0,0.2160863106966528,5.0,0.6666666666666666,0.3292035398230089,0.28141592920353986,0.9526432765085691,21.0,1.7972971836556986,0.1956521739130435,0.8043478260869565,0.30066023442560547,0.6458264849495295
112,7.0,0,15.0,0.0,3,B3,-0.8514110966868544,-0.49519404841023995,19.0,47.0,0.4830228233438862,-0.015592063786554679,0.3333333333333333,52.0,0.01748971193415638,187.0,0.4399349796475964,30.0,0.0967741935483871,0.43008849557522133,0.3132743362831858,0.9723812520305325,46.0,1.7674560694385315,0.717391304347826,0.8260869565217391,0.061359231515429685,0.31894664129869305
113,14.0,0,30.0,0.0,3,G10,-0.5724023813108019,0.000436734386438431,4.0,19.0,0.2704117859629691,-0.2273801378776135,0.5088652482269503,29.0,0.006639505055077712,53.0,0.16016362058898584,10.0,0.25,0.38761061946902653,-0.32389380530973455,0.8836130913369394,18.0,1.7881208214673152,0.43478260869565216,0.8260869565217391,0.22702915660708986,0.6627688713267004
114,14.0,0,25.0,0.0,3,H9,-0.11304570385378399,0.3077501105088638,5.0,9.0,0.3325437216750639,-0.13559324581134385,0.5230496453900709,34.0,0.019557823129251698,14.0,0.2373000344880615,8.0,0.15,0.3787610619469026,-0.4725663716814159,0.9088784462486059,29.0,1.5426540497570937,0.2608695652173913,0.32608695652173914,0.23930100291017578,0.6194184877677349
115,14.0,0,25.0,0.0,3,G9,0.8939167800988868,0.3496476028958053,4.0,6.0,0.22388650939765536,-0.07405261488898807,0.5585106382978723,24.0,0.011479591836734693,16.0,0.17396556420605433,4.0,0.6,-0.2743362831858407,0.2920353982300885,0.8358858342586328,19.0,1.8168225390538797,0.1956521739130435,0.13043478260869565,0.3374757733348633,0.7613315818311285
116,14.0,0,20.0,0.0,3,H4,0.40433873538159126,-0.1131395515233562,3.0,7.0,0.246189636471493,-0.5700473340656521,0.5390070921985816,149.0,0.016422193877551023,17.0,0.11167600341506576,4.0,0.6,-0.4035398230088496,-0.9663716814159292,0.7651189048013962,18.0,1.829484375322452,0.2826086956521739,0.13043478260869565,0.3620194659410352,0.7294357628886454
117,14.0,0,20.0,0.0,3,G4,-0.22736770134269468,0.3969463759452636,4.0,20.0,0.19434911291572995,0.00040300008439592,0.5124113475177305,68.0,0.011054421768707485,46.0,0.16499752612722648,9.0,0.3,-0.2592920353982301,0.30265486725663715,0.8191375766502862,20.0,1.81033957599033,0.4782608695652174,0.13043478260869565,0.26384469551634765,0.7455910953960145
118,14.0,0,15.0,0.0,3,H3,0.2250030133414711,-0.32308604676485064,4.0,10.0,0.18772010315680598,-0.4603722152633039,0.45567375886524825,24.0,0.019578995020371207,22.0,0.12024399170753283,5.0,0.5,-0.488495575221239,-0.6283185840707964,0.8138596959315499,23.0,1.7142594655063446,0.3695652173913043,0.13043478260869565,0.30679615757714845,0.7011068543980045
119,14.0,0,15.0,0.0,3,G3,0.01654430269097551,0.6255224551586274,5.0,12.0,0.18695396099250014,-0.027655047434734365,0.3900709219858156,165.0,0.007278911564625851,24.0,0.24260599183436926,6.0,0.5,-0.25132743362831855,0.28495575221238933,0.9536383201544378,18.0,1.806520527385509,0.30434782608695654,0.7391304347826086,0.23316507975863282,0.566251460531007
120,11.0,0,30.0,0.0,3,F10,-0.6656556720684699,-0.34406186842379505,13.0,32.0,0.6246294133983568,-0.016250677873736425,0.33687943262411346,50.0,0.017439556084026954,63.0,0.5171138944066375,17.0,0.21052631578947367,-0.11504424778761058,-0.27256637168141595,0.9825488878091404,36.0,1.5755440265928529,0.6086956521739131,0.41304347826086957,0.08590292412160157,0.3068007869460904
121,11.0,0,30.0,0.0,3,E10,-0.7409721497045799,-0.41567256506781813,19.0,47.0,0.5955148715319283,-0.009823414514155537,0.32269503546099293,54.0,0.03292181069958847,172.0,0.5428237724333979,28.0,0.1,0.42300884955752216,-0.28141592920353986,0.9789931820412053,46.0,1.6110789661182283,0.6739130434782609,0.5,0.061359231515429685,0.27816970263347013
122,11.0,0,25.0,0.0,3,F9,0.4153612992348201,0.02263258691000747,8.0,21.0,0.46980510739570563,-0.04533764147193161,0.3617021276595745,32.0,0.0043749999999999995,68.0,0.32171589383769233,13.0,0.21428571428571427,0.39292035398230096,0.3044247787610619,0.9536895124832449,33.0,1.7346748878212752,0.5434782608695652,0.32608695652173914,0.12271846303085937,0.46003805420870175
123,11.0,0,25.0,0.0,3,E9,0.19778574064056742,-0.09519337034643449,21.0,54.0,0.6274232145961474,-0.011485567109842866,0.2765957446808511,60.0,0.005208333333333333,186.0,0.5181088240465641,33.0,0.08823529411764706,-0.16106194690265485,-0.30265486725663715,0.9749593577075163,41.0,1.5131240900233764,0.7391304347826086,0.8260869565217391,0.042951462060800784,0.28081127470277706
124,11.0,0,20.0,0.0,3,F4,-0.20064149674816867,-0.44670440907939124,38.0,90.0,0.5152786549145607,-0.0006564220494203104,0.20921985815602837,91.0,0.03292181069958847,141.0,1.252086351339894,40.0,0.0847457627118644,0.5008849557522124,-0.10973451327433625,0.9954265309134915,77.0,1.5350580118408548,0.32608695652173914,0.8260869565217391,0.030679615757714843,0.14281858972329242
125,11.0,0,20.0,0.0,3,E4,-0.09992322828885869,-0.42760399213271527,13.0,33.0,0.5119113320192734,-0.031029854623794446,0.3670212765957447,52.0,0.007889546351084813,134.0,0.36543981417410265,20.0,0.14285714285714285,0.3999999999999999,0.295575221238938,0.9544709385130388,46.0,1.6142209537625978,0.6304347826086957,0.4782608695652174,0.0981747704246875,0.41779332273683695
126,11.0,0,15.0,0.0,3,F3,0.3515073950911636,-0.17012236026068317,11.0,36.0,0.3786027293151428,-0.1552573786969502,0.28368794326241137,131.0,0.01890359168241966,0.0,0.18703694324832554,23.0,0.125,0.38761061946902653,0.27787610619469016,0.9047317631758758,33.0,1.615577018854045,0.8260869565217391,0.4782608695652174,0.0981747704246875,0.5578239931094359
127,11.0,0,15.0,0.0,3,E3,0.07121123113110617,0.8919488529887296,3.0,6.0,0.10495231576599352,-0.48964471269542165,0.46631205673758863,125.0,0.011702965980919805,13.0,0.09722194690384167,2.0,0.75,-0.29911504424778756,0.31150442477876106,0.7657297806015387,17.0,1.8840784401308193,0.15217391304347827,0.8260869565217391,0.46019423636572265,0.9082790638233935
128,10.0,0,20.0,0.0,9,H10,0.37075077192196493,-0.006048232224752814,11.0,28.0,0.5061360060589534,-0.015515250414589626,0.29432624113475175,41.0,0.015304560759106215,179.0,0.5214725118189459,16.0,0.47058823529411764,-0.1929203539823009,-0.29911504424778756,0.9841587394758772,30.0,1.7721357464452994,0.4782608695652174,0.5,0.10431069357623048,0.3274307069019134
129,10.0,0,20.0,0.0,9,G10,-0.0890367485178083,0.2788868052978253,15.0,45.0,0.5456129715824487,-0.07162856113535603,0.31560283687943264,77.0,0.008073817762399078,0.0,0.2726469000949647,31.0,0.09375,-0.2053097345132744,-0.352212389380531,0.9429516893554718,66.0,1.7089457956927596,0.8478260869565217,0.8478260869565217,0.06749515466697266,0.4631189630231519
130,10.0,0,20.0,0.0,9,F10,-0.43259032869747593,-0.17251170928813808,25.0,77.0,0.6183808596925687,-0.00230329121753471,0.2783687943262411,73.0,0.009861932938856018,0.0,0.9208173534221049,40.0,0.07142857142857142,-0.17876106194690267,0.3469026548672567,0.9897281789472037,64.0,1.575849436824487,0.782608695652174,0.8260869565217391,0.03681553890925782,0.19807264839212668
131,10.0,0,20.0,0.0,9,E10,-0.0031376569420251688,-0.30949102200351875,12.0,48.0,0.6279228182908161,-0.03293608884921514,0.4078014184397163,54.0,0.009368836291913216,96.0,0.3711168746718875,19.0,0.14285714285714285,-0.19646017699115048,-0.06548672566371683,0.9649007420867558,60.0,1.5153128365649853,0.6739130434782609,0.6086956521739131,0.07363107781851563,0.38793902629245786
132,10.0,0,20.0,0.0,9,D10,0.016396931357250843,-0.21100635761322006,37.0,96.0,0.7891725270588148,-0.0005278389252257688,0.25177304964539005,95.0,0.03292181069958847,0.0,1.4068760235991868,40.0,0.06779661016949153,-0.16991150442477876,0.3061946902654866,0.9949382302555887,81.0,1.355585482481028,0.8043478260869565,0.8695652173913043,0.030679615757714843,0.13281912241088745
133,10.0,0,20.0,0.0,9,C10,-0.6535236941288717,-0.3734506145163845,20.0,48.0,0.5551146906520311,-0.01075617690804608,0.3049645390070922,61.0,0.011316872427983538,0.0,0.5938270040073499,28.0,0.1,0.3999999999999999,-0.10619469026548678,0.9765984493745407,50.0,1.6621503928362398,0.717391304347826,0.6086956521739131,0.061359231515429685,0.2820602022564502
134,10.0,0,20.0,0.0,9,B10,-0.34805816614624785,-0.6085443816144839,26.0,66.0,0.6387189190193474,-0.0034216412342525063,0.30141843971631205,73.0,0.020408163265306117,187.0,0.8559666420089684,40.0,0.075,-0.184070796460177,0.04955752212389375,0.9870762663537455,65.0,1.516088142112633,0.782608695652174,0.8260869565217391,0.03681553890925782,0.20414398006434278
135,10.0,0,20.0,0.0,9,A10,0.2577973661083166,-0.14043070074899422,16.0,37.0,0.4357695680264601,-0.030516633614214583,0.24822695035460993,46.0,0.028925619834710745,178.0,0.3945380391490373,24.0,0.12,-0.23539823008849559,-0.0035398230088495852,0.9597525260931421,40.0,1.877455929116527,0.6521739130434783,0.8478260869565217,0.07363107781851563,0.3944923935277705
136,10.0,0,20.0,0.0,9,H9,0.2606098375563717,-0.0433989699188948,13.0,46.0,0.5071629624010024,-0.024039035604601532,0.38120567375886527,77.0,0.004266666666666667,98.0,0.38526804145380206,21.0,0.13636363636363635,0.060176991150442394,0.5150442477876107,0.9433573429620138,30.0,1.660306165703533,0.6521739130434783,0.32608695652173914,0.0797670009700586,0.4132345007429734
137,10.0,0,20.0,0.0,9,G9,-0.20080167768637036,0.11169501639898227,23.0,51.0,0.4521476956834071,-0.011352399156953493,0.2783687943262411,56.0,0.007407407407407408,0.0,0.6050858302795465,34.0,0.08333333333333333,-0.23008849557522126,0.2442477876106195,0.979057401179716,52.0,1.6841423451032203,0.782608695652174,0.8695652173913043,0.04908738521234375,0.26619948416208167
138,10.0,0,20.0,0.0,9,F9,-0.30537383080234903,-0.5732307277448373,27.0,77.0,0.644380153318644,-0.003254772337228348,0.2712765957446808,72.0,0.02546296296296296,0.0,0.9317238688680031,40.0,0.06818181818181818,-0.19823008849557522,-0.9141592920353983,0.9881316044113383,60.0,1.6454032865096608,0.782608695652174,0.8260869565217391,0.03681553890925782,0.19462585299813742
139,10.0,0,20.0,0.0,9,E9,-0.13483920947186967,-0.3767452125105285,32.0,90.0,0.6493643822959005,-0.0011329621085879205,0.24822695035460993,86.0,0.013774104683195594,182.0,1.18378940326582,40.0,0.06,-0.1805309734513274,0.07079646017699126,0.9920042554317485,73.0,1.564390169313595,0.8043478260869565,0.8478260869565217,0.030679615757714843,0.15755115933251593
140,10.0,0,20.0,0.0,9,D9,-0.5971916014427204,-0.35687918859250056,25.0,60.0,0.6183201321641933,-0.006524538938337634,0.2641843971631206,64.0,0.025185185185185185,0.0,0.7166619366830579,35.0,0.08108108108108109,-0.14070796460176993,-0.31858407079646023,0.9838781804967853,58.0,1.6197074225207124,0.782608695652174,0.6086956521739131,0.03681553890925782,0.23171793135427318
141,10.0,0,20.0,0.0,9,C9,-0.9940156371749455,-0.7942251302516101,43.0,112.0,0.9486789507111986,-0.00042264233642152127,0.19858156028368795,118.0,0.005208333333333334,0.0,1.9358935470187901,40.0,0.0625,0.536283185840708,-0.3433628318584071,0.9952920431996959,100.0,1.438965661436607,0.5,0.41304347826086957,0.024543692606171875,0.10914241001690116
142,10.0,0,20.0,0.0,9,B9,-0.19270521710835808,-0.44549338398728466,29.0,77.0,0.683110686662987,-0.002267642490525972,0.28368794326241137,77.0,0.03240740740740741,0.0,1.0029589377759223,40.0,0.06521739130434782,-0.19999999999999996,-0.31858407079646023,0.9895410618659644,74.0,1.4845042115228484,0.782608695652174,0.8260869565217391,0.03681553890925782,0.18109461412251274
143,10.0,0,20.0,0.0,9,A9,-0.7104960139372072,-0.40488905532126107,26.0,115.0,0.5826874590330251,-0.006241573336032385,0.2783687943262411,72.0,0.011574074074074073,179.0,0.6963372473110659,40.0,0.06666666666666667,-0.1893805309734513,0.07964601769911495,0.9850126837022591,52.0,1.6880862460652124,0.782608695652174,0.8260869565217391,0.03681553890925782,0.21741656348014
144,10.0,1,20.0,0.0,9,H4,-0.012577091255158601,-0.501632748926147,5.0,11.0,0.3272516026731417,-0.04993000509965884,0.42730496453900707,32.0,0.004217687074829931,19.0,0.3009765997355511,6.0,0.5,0.2619469026548673,0.3486725663716814,0.943646938315125,25.0,1.6856628307325454,0.2608695652173913,0.13043478260869565,0.25157284921326173,0.5909576145986847
145,10.0,0,20.0,0.0,9,G4,-0.1742628071383725,0.13068707447967287,17.0,50.0,0.573060119950437,-0.01182588036337116,0.34929078014184395,178.0,0.011666666666666665,103.0,0.5382449783238692,26.0,0.1111111111111111,0.06371681415929209,-0.12389380530973448,0.9723414112359977,42.0,1.6685833088666546,0.6739130434782609,0.8478260869565217,0.061359231515429685,0.30741901412909683
146,10.0,0,20.0,0.0,9,F4,-0.5181957295202829,-0.23029990130233924,28.0,119.0,0.6033480623538577,-0.0039224936813308945,0.2765957446808511,77.0,0.03292181069958847,177.0,0.8058531294985475,40.0,0.05,-0.1893805309734513,0.23893805309734517,0.9886117319038414,63.0,1.588403090389564,0.782608695652174,0.8695652173913043,0.030679615757714843,0.1992451141519713
147,10.0,0,20.0,0.0,9,E4,-0.27881607043875223,0.01553704680476975,24.0,58.0,0.5348250508577569,-0.005293130628488996,0.26063829787234044,64.0,0.020408163265306117,178.0,0.7179056150531751,38.0,0.07692307692307693,-0.21769911504424777,-0.37522123893805315,0.9844428751587899,53.0,1.700423242812811,0.782608695652174,0.8478260869565217,0.042951462060800784,0.23659822749279724
148,10.0,0,20.0,0.0,9,D4,-0.09132321023047546,-0.3101557500634274,40.0,102.0,0.8044310605258187,-0.0008113114687309652,0.225177304964539,104.0,0.036458333333333336,186.0,1.4830419508069264,40.0,0.047619047619047616,-0.1539823008849558,-0.3256637168141593,0.9939670902303316,86.0,1.4267856952343059,0.8260869565217391,0.8478260869565217,0.030679615757714843,0.13186567444649053
149,10.0,0,20.0,0.0,9,C4,-0.2769860631822596,-0.5280560076301938,27.0,69.0,0.661275113826288,-0.0026793744606013825,0.3067375886524823,72.0,0.03550295857988166,0.0,0.9833967090809534,40.0,0.07317073170731707,-0.1716814159292035,0.030088495575221197,0.9888941362099726,68.0,1.566931232716676,0.782608695652174,0.8260869565217391,0.03681553890925782,0.18827305755906854
150,10.0,0,20.0,0.0,9,B4,-0.162769181968357,-0.40036315422557744,32.0,98.0,0.7074799998041934,-0.0013122817527761142,0.2712765957446808,85.0,0.013774104683195594,0.0,1.2056609645380725,40.0,0.061224489795918366,-0.18495575221238936,0.09380530973451329,0.9922864459038362,76.0,1.57675068114082,0.782608695652174,0.8260869565217391,0.030679615757714843,0.15673781661441794
151,10.0,0,20.0,0.0,9,A4,-0.4383594624572805,-0.6937821831063956,32.0,103.0,0.6552198664553621,-0.003310958551544754,0.274822695035461,88.0,0.030303030303030304,187.0,0.8861827648129332,40.0,0.058823529411764705,-0.1716814159292035,-0.010619469026548645,0.9891489133776117,65.0,1.6770692754920904,0.8043478260869565,0.8478260869565217,0.030679615757714843,0.1857487292395472
152,10.0,0,20.0,0.0,9,H3,0.28051800029394025,-0.10193749607743041,16.0,38.0,0.4470545497714154,-0.023435558517118125,0.31382978723404253,46.0,0.012849584278155704,187.0,0.40315389022785103,25.0,0.11538461538461539,-0.2300884955752212,-0.3398230088495575,0.9625532200614847,36.0,1.887291140134664,0.782608695652174,0.8260869565217391,0.06749515466697266,0.37374848480333256
153,10.0,0,20.0,0.0,9,G3,-0.8482957177353267,-0.4953006509189466,18.0,55.0,0.47669848670548065,-0.02780650578120121,0.2730496453900709,57.0,0.013333333333333332,0.0,0.41889768222572205,36.0,0.08108108108108109,-0.23893805309734517,0.060176991150442394,0.9538746577447897,46.0,1.838376686578167,0.782608695652174,0.8695652173913043,0.061359231515429685,0.38075334299809843
154,10.0,0,20.0,0.0,9,F3,-0.3567014596893795,-0.6109650610327481,34.0,95.0,0.5986363058735009,-0.0043329711491664966,0.2801418439716312,91.0,0.013333333333333336,180.0,0.876402293622643,40.0,0.05357142857142857,-0.16991150442477876,-0.3256637168141593,0.9872783761473037,73.0,1.742610299861772,0.8260869565217391,0.8695652173913043,0.030679615757714843,0.19865213931505205
155,10.0,0,20.0,0.0,9,E3,-0.16221019483696997,-0.39780922302190647,36.0,93.0,0.6853794042260211,-0.001050560179199443,0.25,94.0,0.013333333333333336,180.0,1.1902237059769356,40.0,0.05357142857142857,-0.16814159292035402,0.06460176991150446,0.9922589483170952,80.0,1.547229516844483,0.8043478260869565,0.8478260869565217,0.030679615757714843,0.1514089360413488
156,10.0,0,20.0,0.0,9,D3,0.2621806776657958,-0.122211096086148,15.0,30.0,0.42420831592804964,-0.02384165168742755,0.25177304964539005,44.0,0.010330578512396695,181.0,0.4054595001525265,24.0,0.12,-0.2230088495575221,0.3097345132743363,0.9628886129895599,35.0,1.8821244656099503,0.5652173913043478,0.8478260869565217,0.07363107781851563,0.3523703619677677
157,10.0,0,20.0,0.0,9,C3,-0.7952349344408708,-0.46842277958725087,18.0,43.0,0.4851261150896564,-0.013606193444223874,0.2783687943262411,53.0,0.016666666666666666,0.0,0.4784102385401712,26.0,0.10714285714285714,0.3982300884955752,-0.35044247787610616,0.9681999144415729,44.0,1.8430607402280117,0.717391304347826,0.5652173913043478,0.061359231515429685,0.3218126671002446
158,10.0,0,20.0,0.0,9,B3,-0.3317578281188922,-0.5667815975949115,31.0,103.0,0.695097038624424,-0.0020317630815357636,0.2801418439716312,86.0,0.005509641873278237,0.0,1.068253430054804,40.0,0.0625,-0.1504424778761062,0.04778761061946901,0.990685171931801,71.0,1.577189379280304,0.8043478260869565,0.8478260869565217,0.03681553890925782,0.17002978730637983
159,10.0,0,20.0,0.0,9,A3,0.3384224009567627,0.0382541924908979,15.0,43.0,0.7227042815012961,-0.00867385025571317,0.33865248226950356,50.0,0.023726851851851853,186.0,0.6651894105595892,22.0,0.4782608695652174,0.4176991150442477,-0.29026548672566377,0.9882534954449059,53.0,1.6867949652309915,0.6304347826086957,0.5,0.06749515466697266,0.26547282715055875
